{"cameraMode":{"drawMode":0,"name":"Shaded","section":"Shading Mode"},"sceneLighting":true,"audioPlay":false,"sceneViewState":{"showFog":true,"showMaterialUpdate":false,"showSkybox":true,"showFlares":true,"showImageEffects":true,"showParticleSystems":true},"in2DMode":false,"pivot":{"x":18.64781951904297,"y":22.9443359375,"z":2.421875},"rotation":{"x":0.04947981983423233,"y":0.00029598647961393,"z":-0.000014653298421762884,"w":0.9987751245498657},"size":71.25533294677735,"orthographic":true}