{"cameraMode":{"drawMode":0,"name":"Shaded","section":"Shading Mode"},"sceneLighting":true,"audioPlay":false,"sceneViewState":{"showFog":true,"showMaterialUpdate":false,"showSkybox":true,"showFlares":true,"showImageEffects":true,"showParticleSystems":true},"in2DMode":false,"pivot":{"x":0.8059043884277344,"y":0.05224609375,"z":1.248046875},"rotation":{"x":-0.10033070296049118,"y":0.0017870328156277538,"z":-0.0001802001497708261,"w":-0.9949522018432617},"size":14.32851505279541,"orthographic":true}